1st,2nd,3rd,4th,5th,,
2.743438,2.767464,2.996922,3.349552,4.153226,,3.2021204
2.338031,1.125315,1.125255,1.130226,1.125912,,1.3689478
0.755527,0.751616,0.753184,0.756457,0.754199,,0.7541966
0.600853,0.651539,0.645841,0.643379,0.650041,,0.6383306
0.557965,0.545877,0.541823,0.554927,0.541123,,0.548343
0.489429,0.486872,0.463984,0.491535,0.465564,,0.4794768
0.539048,0.578234,0.525745,0.504398,0.50599,,0.530683
0.49819,0.481402,0.475256,0.487856,0.474076,,0.483356