1st,2nd,3rd,4th,5th
2.128978,2.082384,2.082872,2.082295,2.087434
,,,,
,,,,
,,,,
,,,,
 ,,,,